Item Name,Quantity,Link,Cost
ESP32-C3-SuperMini,1,https://epro.pk/product/esp32-c3-wireless-development-board-wifi-bluetooth/,$2.53 
CZL-601 Aluminum Alloy 100kg Load Cell,1,https://www.aliexpress.com/item/1005007658937664.html,$13.00 
HX711 Module,1,https://epro.pk/product/arduino-load-cell-amplifier-hx711-hx-711-digital-scale/,$0.60 
2.54mm Pitch Female Pin Header Strip 40P,2,https://epro.pk/product/single-row-40pin-2-54mm-round-female-pin-header/,$1.00 
Micro-USB Cable,1,https://epro.pk/product/micro-usb-cable-charger-for-android-cable-in-pakistan/,$0.30 
5V / 2A Phone Charger,1,https://www.daraz.pk/products/45-c-5v2a-pd-usb-i1956923074-s14016515229.html,$2.40 
3D Case,1,https://epro.pk/product/waterproof-electronic-enclosure-box-150x110x75mm-4x6x3-inch-in-pakistan/ - Can be 3D Printed also,$1.00 
PCB,5,JLCPCB,$16 
AliExpress Taxes,-,-,$7.80 
ePro.Pk Shipping Charges,-,-,$1 
TOTAL COST,,,$50 
